Name,Score,Consistency,Metabolite Annotation,Reaction Annotation,Gene Annotation,SBO annotation,,,Score,Consistency,Metabolite Annotation,Reaction Annotation,Gene Annotation,SBO annotation
139.96,85,97.19,54.54,55.21,40,90.91,,AVERAGE,83.71444201,93.23483589,54.54,55.41217724,40,90.91
140.36,85,96.82,54.54,55.21,40,90.91,,STANDARD DEVIATION,1.06341602,2.92913342,0,0.060312869,0,0
142.3,85,96.73,54.54,55.23,40,90.91,,MEDIAN,84,93.365,54.54,55.44,40,90.91
160.25,85,96.56,54.54,55.24,40,90.91,,MINIMUM,67,49.14,54.54,55.14,40,90.91
161.9,85,96.9,54.54,55.22,40,90.91,,MAXIMUM,86,98.11,54.54,55.48,40,90.91
168.12,85,96.25,54.54,55.24,40,90.91,,,,,,,,
173.21,85,94.24,54.54,55.43,40,90.91,,,,,,,,
174.8,84,94.93,54.54,55.42,40,90.91,,,,,,,,
195.3313,84,94.95,54.54,55.37,40,90.91,,,,,,,,
199.901,85,97.16,54.54,55.37,40,90.91,,,,,,,,
203.1,85,95.77,54.54,55.37,40,90.91,,,,,,,,
210.8698,85,95.99,54.54,55.34,40,90.91,,,,,,,,
213.62,85,95.48,54.54,55.36,40,90.91,,,,,,,,
263.91,84,94.11,54.54,55.41,40,90.91,,,,,,,,
264.27,84,93.67,54.54,55.41,40,90.91,,,,,,,,
287.9884,83,92.08,54.54,55.45,40,90.91,,,,,,,,
292.297,83,91.19,54.54,55.48,40,90.91,,,,,,,,
294.494,84,92.81,54.54,55.46,40,90.91,,,,,,,,
303.754,84,92.88,54.54,55.47,40,90.91,,,,,,,,
316.574,83,92.5,54.54,55.45,40,90.91,,,,,,,,
446.995,84,93.54,54.54,55.44,40,90.91,,,,,,,,
450.9,83,92.44,54.54,55.43,40,90.91,,,,,,,,
451.12,84,93.1,54.54,55.43,40,90.91,,,,,,,,
470.9821,84,93.85,54.54,55.44,40,90.91,,,,,,,,
480.345,84,93.94,54.54,55.4,40,90.91,,,,,,,,
483.52,84,94.57,54.54,55.39,40,90.91,,,,,,,,
485.9947,84,94.05,54.54,55.4,40,90.91,,,,,,,,
486.36,84,94.35,54.54,55.4,40,90.91,,,,,,,,
487.517,84,93.53,54.54,55.4,40,90.91,,,,,,,,
488.146,84,93.78,54.54,55.4,40,90.91,,,,,,,,
490.6,84,93.68,54.54,55.41,40,90.91,,,,,,,,
495.31,84,94.19,54.54,55.4,40,90.91,,,,,,,,
504.11,84,94.38,54.54,55.4,40,90.91,,,,,,,,
518.9,84,93.28,54.54,55.46,40,90.91,,,,,,,,
519.98,84,93.09,54.54,55.45,40,90.91,,,,,,,,
520.999,84,92.99,54.54,55.45,40,90.91,,,,,,,,
536.61,83,91.58,54.54,55.46,40,90.91,,,,,,,,
545.68,83,92.41,54.54,55.46,40,90.91,,,,,,,,
546.94,83,91.57,54.54,55.46,40,90.91,,,,,,,,
548.624,83,91.97,54.54,55.47,40,90.91,,,,,,,,
549.24,83,90.85,54.54,55.46,40,90.91,,,,,,,,
550.642,83,90.35,54.54,55.46,40,90.91,,,,,,,,
562.9316,83,92.03,54.54,55.45,40,90.91,,,,,,,,
564.45,83,92.08,54.54,55.45,40,90.91,,,,,,,,
569.68,83,91.17,54.54,55.44,40,90.91,,,,,,,,
571.99,83,91.26,54.54,55.47,40,90.91,,,,,,,,
573.9779,83,90.52,54.54,55.47,40,90.91,,,,,,,,
582.609,83,91.74,54.54,55.44,40,90.91,,,,,,,,
584.85,83,91.42,54.54,55.44,40,90.91,,,,,,,,
585.52,83,92.38,54.54,55.44,40,90.91,,,,,,,,
587.58,83,92.54,54.54,55.46,40,90.91,,,,,,,,
588.46,83,91.72,54.54,55.44,40,90.91,,,,,,,,
611.359,83,90.72,54.54,55.45,40,90.91,,,,,,,,
615.999,83,92.31,54.54,55.46,40,90.91,,,,,,,,
621.85,83,91.83,54.54,55.46,40,90.91,,,,,,,,
622.54,83,91.67,54.54,55.45,40,90.91,,,,,,,,
623.999,83,92.05,54.54,55.45,40,90.91,,,,,,,,
624.637,84,94,54.54,55.46,40,90.91,,,,,,,,
630.33,83,92.41,54.54,55.45,40,90.91,,,,,,,,
631.41,83,91.51,54.54,55.45,40,90.91,,,,,,,,
632.705,83,91.81,54.54,55.44,40,90.91,,,,,,,,
633.88,83,90.88,54.54,55.44,40,90.91,,,,,,,,
644.752,83,91.99,54.54,55.45,40,90.91,,,,,,,,
648.77,83,92.53,54.54,55.46,40,90.91,,,,,,,,
654.657,83,92,54.54,55.46,40,90.91,,,,,,,,
666.5676,83,91.76,54.54,55.44,40,90.91,,,,,,,,
670.961,83,92.07,54.54,55.46,40,90.91,,,,,,,,
672.851,83,91.58,54.54,55.46,40,90.91,,,,,,,,
673.5,84,93.69,54.54,55.44,40,90.91,,,,,,,,
676.305,83,92.04,54.54,55.46,40,90.91,,,,,,,,
686.93,83,91.26,54.54,55.44,40,90.91,,,,,,,,
725.21,84,93.97,54.54,55.39,40,90.91,,,,,,,,
726.44,84,94.24,54.54,55.39,40,90.91,,,,,,,,
727.972,84,93.53,54.54,55.39,40,90.91,,,,,,,,
729.347,83,92.61,54.54,55.4,40,90.91,,,,,,,,
730.57,84,94.21,54.54,55.37,40,90.91,,,,,,,,
747.973,83,92.81,54.54,55.41,40,90.91,,,,,,,,
753.27,84,93.37,54.54,55.41,40,90.91,,,,,,,,
754.3,84,93.41,54.54,55.41,40,90.91,,,,,,,,
774.13,85,96.61,54.54,55.34,40,90.91,,,,,,,,
777.26,84,94.5,54.54,55.4,40,90.91,,,,,,,,
784.27,86,98.1,54.54,55.24,40,90.91,,,,,,,,
813.94,85,96.02,54.54,55.3,40,90.91,,,,,,,,
817.86,84,92.93,54.54,55.43,40,90.91,,,,,,,,
818.23,84,93.8,54.54,55.42,40,90.91,,,,,,,,
820.5511,84,94.37,54.54,55.42,40,90.91,,,,,,,,
821.4651,84,93.89,54.54,55.42,40,90.91,,,,,,,,
823.377,84,93.41,54.54,55.43,40,90.91,,,,,,,,
824.5,84,95.22,54.54,55.37,40,90.91,,,,,,,,
837.83,85,95.7,54.54,55.36,40,90.91,,,,,,,,
851.301,84,94.96,54.54,55.37,40,90.91,,,,,,,,
856.21,84,93.28,54.54,55.41,40,90.91,,,,,,,,
860.19,84,94.57,54.54,55.38,40,90.91,,,,,,,,
861.5,84,93.6,54.54,55.41,40,90.91,,,,,,,,
1017.4,84,94.37,54.54,55.38,40,90.91,,,,,,,,
1019.5,84,93.95,54.54,55.38,40,90.91,,,,,,,,
1260.177,85,96.29,54.54,55.34,40,90.91,,,,,,,,
1282.4634,83,90.46,54.54,55.41,40,90.91,,,,,,,,
1283.98,84,93.52,54.54,55.41,40,90.91,,,,,,,,
1292.16,84,93.54,54.54,55.41,40,90.91,,,,,,,,
1302.83,83,92.13,54.54,55.39,40,90.91,,,,,,,,
1307.4627,83,91.66,54.54,55.39,40,90.91,,,,,,,,
1309.331,83,92.72,54.54,55.39,40,90.91,,,,,,,,
1310.8,84,94.51,54.54,55.39,40,90.91,,,,,,,,
1311.983,83,91.24,54.54,55.38,40,90.91,,,,,,,,
1313.39228,84,92.86,54.54,55.38,40,90.91,,,,,,,,
1314.999,84,93.84,54.54,55.37,40,90.91,,,,,,,,
1319.3,84,94.17,54.54,55.39,40,90.91,,,,,,,,
1328.24,83,91.22,54.54,55.37,40,90.91,,,,,,,,
1338.85,84,92.98,54.54,55.37,40,90.91,,,,,,,,
1349.244,84,94.39,54.54,55.38,40,90.91,,,,,,,,
1352.8996,84,94.62,54.54,55.4,40,90.91,,,,,,,,
1353.8,84,93.58,54.54,55.42,40,90.91,,,,,,,,
1354.41,84,93.37,54.54,55.39,40,90.91,,,,,,,,
1390.556,84,92.94,54.54,55.45,40,90.91,,,,,,,,
1392.92,83,92.46,54.54,55.45,40,90.91,,,,,,,,
1396.2548,82,90.09,54.54,55.45,40,90.91,,,,,,,,
1402.452,84,93.41,54.54,55.45,40,90.91,,,,,,,,
1408.387,84,93.21,54.54,55.44,40,90.91,,,,,,,,
1423.45,83,90.82,54.54,55.45,40,90.91,,,,,,,,
1428.252,83,92.76,54.54,55.45,40,90.91,,,,,,,,
1491.662,83,91.53,54.54,55.4,40,90.91,,,,,,,,
1492.235,84,93.86,54.54,55.43,40,90.91,,,,,,,,
1496.897,84,94.18,54.54,55.42,40,90.91,,,,,,,,
1502.338,84,94.4,54.54,55.39,40,90.91,,,,,,,,
1693.993,84,94.07,54.54,55.42,40,90.91,,,,,,,,
1655.52,84,93.43,54.54,55.4,40,90.91,,,,,,,,
1659.4,84,92.97,54.54,55.4,40,90.91,,,,,,,,
1689.18,84,93.35,54.54,55.38,40,90.91,,,,,,,,
1717.498,85,95.4,54.54,55.39,40,90.91,,,,,,,,
1719.86,84,94.54,54.54,55.4,40,90.91,,,,,,,,
1747.94,84,93.19,54.54,55.41,40,90.91,,,,,,,,
1764.226,84,93.18,54.54,55.45,40,90.91,,,,,,,,
1766.51,84,93.61,54.54,55.46,40,90.91,,,,,,,,
1767.9,84,93.34,54.54,55.46,40,90.91,,,,,,,,
1773.31,84,93.84,54.54,55.44,40,90.91,,,,,,,,
1773.9612,84,93.41,54.54,55.45,40,90.91,,,,,,,,
1774.88,84,93.57,54.54,55.46,40,90.91,,,,,,,,
1778.5,82,90.04,54.54,55.46,40,90.91,,,,,,,,
1781.9,83,90.85,54.54,55.46,40,90.91,,,,,,,,
1784.14,84,92.81,54.54,55.46,40,90.91,,,,,,,,
1802.8,82,90.04,54.54,55.47,40,90.91,,,,,,,,
1806.25,84,93.47,54.54,55.44,40,90.91,,,,,,,,
1809.3,84,93.29,54.54,55.46,40,90.91,,,,,,,,
2047.689,84,94.06,54.54,55.4,40,90.91,,,,,,,,
2055.18,84,93.19,54.54,55.45,40,90.91,,,,,,,,
2098.79,85,97.76,54.54,55.14,40,90.91,,,,,,,,
2104.464,85,96.18,54.54,55.21,40,90.91,,,,,,,,
2130.41,85,95.98,54.54,55.2,40,90.91,,,,,,,,
2702.191,85,96.77,54.54,55.32,40,90.91,,,,,,,,
13373.94,83,92.72,54.54,55.46,40,90.91,,,,,,,,
28035.9,84,93.63,54.54,55.41,40,90.91,,,,,,,,
28037.232,84,93.51,54.54,55.37,40,90.91,,,,,,,,
28080.85,85,95.68,54.54,55.37,40,90.91,,,,,,,,
28090.112,84,93.11,54.54,55.43,40,90.91,,,,,,,,
28091.9,84,94.05,54.54,55.41,40,90.91,,,,,,,,
28116.7,84,92.96,54.54,55.42,40,90.91,,,,,,,,
28118.6,84,93.69,54.54,55.41,40,90.91,,,,,,,,
28129.6,84,94.59,54.54,55.37,40,90.91,,,,,,,,
28131.7,85,95.5,54.54,55.36,40,90.91,,,,,,,,
28132.5,84,94.85,54.54,55.38,40,90.91,,,,,,,,
28133.9,84,95.38,54.54,55.35,40,90.91,,,,,,,,
28135.5,84,93.71,54.54,55.38,40,90.91,,,,,,,,
28137.14,84,95.1,54.54,55.36,40,90.91,,,,,,,,
28152.31,83,91.99,54.54,55.45,40,90.91,,,,,,,,
28188.26,84,94,54.54,55.38,40,90.91,,,,,,,,
28189.7,84,93.86,54.54,55.39,40,90.91,,,,,,,,
28449.59,84,93.9,54.54,55.4,40,90.91,,,,,,,,
28450.9,83,91.75,54.54,55.47,40,90.91,,,,,,,,
28901.9943,83,91.17,54.54,55.46,40,90.91,,,,,,,,
29382.24,84,93.24,54.54,55.42,40,90.91,,,,,,,,
29385.324,84,93.36,54.54,55.42,40,90.91,,,,,,,,
29391.22,84,93.86,54.54,55.36,40,90.91,,,,,,,,
29430.79,84,93.8,54.54,55.43,40,90.91,,,,,,,,
29459.643,83,91.93,54.54,55.45,40,90.91,,,,,,,,
29466.62,84,95.05,54.54,55.39,40,90.91,,,,,,,,
29484.38,83,91.46,54.54,55.45,40,90.91,,,,,,,,
32019.101,84,94.91,54.54,55.37,40,90.91,,,,,,,,
32021.6,84,94.76,54.54,55.38,40,90.91,,,,,,,,
32022.895,84,95.31,54.54,55.37,40,90.91,,,,,,,,
33010.11,83,91.53,54.54,55.41,40,90.91,,,,,,,,
33892.42,84,93.12,54.54,55.44,40,90.91,,,,,,,,
33894.96,84,93.7,54.54,55.44,40,90.91,,,,,,,,
33945.25,83,91.88,54.54,55.43,40,90.91,,,,,,,,
34062.31,84,94.75,54.54,55.4,40,90.91,,,,,,,,
34105.52,81,85.69,54.54,55.31,40,90.91,,,,,,,,
35703.76,83,92.24,54.54,55.45,40,90.91,,,,,,,,
35790.36,85,96.87,54.54,55.29,40,90.91,,,,,,,,
35814.8,84,93.77,54.54,55.44,40,90.91,,,,,,,,
36809.776,83,91.9,54.54,55.46,40,90.91,,,,,,,,
37326.9,82,89.79,54.54,55.47,40,90.91,,,,,,,,
37329.71,83,90.29,54.54,55.46,40,90.91,,,,,,,,
37734.92,83,91.34,54.54,55.41,40,90.91,,,,,,,,
38289.55,83,91.65,54.54,55.41,40,90.91,,,,,,,,
38323.36,84,95.2,54.54,55.37,40,90.91,,,,,,,,
38347.3,84,93.53,54.54,55.42,40,90.91,,,,,,,,
39777.9,84,95.22,54.54,55.38,40,90.91,,,,,,,,
39778.224,84,94.87,54.54,55.39,40,90.91,,,,,,,,
40041.89,84,94.44,54.54,55.37,40,90.91,,,,,,,,
40091.23,84,94.82,54.54,55.34,40,90.91,,,,,,,,
40215.125,84,93.73,54.54,55.43,40,90.91,,,,,,,,
40216.95,84,94.16,54.54,55.44,40,90.91,,,,,,,,
40324.97,83,92.34,54.54,55.45,40,90.91,,,,,,,,
42897.88,83,92,54.54,55.45,40,90.91,,,,,,,,
43767.6,84,93.2,54.54,55.45,40,90.91,,,,,,,,
43770.575,83,92.4,54.54,55.41,40,90.91,,,,,,,,
43771.9,84,95.17,54.54,55.4,40,90.91,,,,,,,,
44275.5,84,93.25,54.54,55.43,40,90.91,,,,,,,,
44454.4,84,93.64,54.54,55.45,40,90.91,,,,,,,,
45067.5,84,93.91,54.54,55.44,40,90.91,,,,,,,,
46503.2312,84,94.03,54.54,55.42,40,90.91,,,,,,,,
46506.2062,84,94.08,54.54,55.41,40,90.91,,,,,,,,
47678.1147,84,93.82,54.54,55.41,40,90.91,,,,,,,,
47880.53,83,92.76,54.54,55.46,40,90.91,,,,,,,,
47885.35,83,92.61,54.54,55.47,40,90.91,,,,,,,,
47886.9,83,91.71,54.54,55.47,40,90.91,,,,,,,,
48296.84,84,93.93,54.54,55.45,40,90.91,,,,,,,,
52773.3,84,95.02,54.54,55.37,40,90.91,,,,,,,,
53345.74,84,93.98,54.54,55.39,40,90.91,,,,,,,,
53346.53,83,91.78,54.54,55.4,40,90.91,,,,,,,,
53436.3,85,96.42,54.54,55.24,40,90.91,,,,,,,,
57706.84,83,91.82,54.54,55.46,40,90.91,,,,,,,,
57975.9,83,91.86,54.54,55.47,40,90.91,,,,,,,,
59201.739,83,91,54.54,55.46,40,90.91,,,,,,,,
60552.42,83,92.22,54.54,55.46,40,90.91,,,,,,,,
61645.92,82,90,54.54,55.46,40,90.91,,,,,,,,
61648.5,83,91.65,54.54,55.46,40,90.91,,,,,,,,
61652.8,83,91.74,54.54,55.47,40,90.91,,,,,,,,
65058.66,84,94.33,54.54,55.4,40,90.91,,,,,,,,
67824.43,83,92.04,54.54,55.46,40,90.91,,,,,,,,
67826.48,83,91.4,54.54,55.45,40,90.91,,,,,,,,
67827.25,83,90.37,54.54,55.46,40,90.91,,,,,,,,
70346.7,84,93.23,54.54,55.45,40,90.91,,,,,,,,
71452.51,83,91.32,54.54,55.41,40,90.91,,,,,,,,
72361.9,84,92.93,54.54,55.45,40,90.91,,,,,,,,
72407.978,83,91.31,54.54,55.47,40,90.91,,,,,,,,
72759.16,84,93.31,54.54,55.41,40,90.91,,,,,,,,
74426.49,85,95.82,54.54,55.38,40,90.91,,,,,,,,
76123.5,84,94.84,54.54,55.37,40,90.91,,,,,,,,
76759.43,84,92.98,54.54,55.47,40,90.91,,,,,,,,
76856.6,84,95.39,54.54,55.36,40,90.91,,,,,,,,
76857.9,84,94.26,54.54,55.38,40,90.91,,,,,,,,
76859.52,85,95.53,54.54,55.37,40,90.91,,,,,,,,
78331.182,84,93.59,54.54,55.45,40,90.91,,,,,,,,
83262.23,84,93.26,54.54,55.46,40,90.91,,,,,,,,
83331.22,84,93.7,54.54,55.44,40,90.91,,,,,,,,
83332.293,84,93.46,54.54,55.45,40,90.91,,,,,,,,
83333.442,83,91.64,54.54,55.45,40,90.91,,,,,,,,
83334.615,83,92.27,54.54,55.46,40,90.91,,,,,,,,
83554.74,85,95.9,54.54,55.3,40,90.91,,,,,,,,
83558.19,84,94.97,54.54,55.3,40,90.91,,,,,,,,
84112.3,84,95.25,54.54,55.39,40,90.91,,,,,,,,
85698.5,84,93.05,54.54,55.46,40,90.91,,,,,,,,
85962.8,85,96.19,54.54,55.35,40,90.91,,,,,,,,
85963.7,85,96.06,54.54,55.43,40,90.91,,,,,,,,
102611.3,85,96.04,54.54,55.34,40,90.91,,,,,,,,
102618.7,85,96.35,54.54,55.34,40,90.91,,,,,,,,
103855.15,84,92.95,54.54,55.46,40,90.91,,,,,,,,
106648.24,84,92.9,54.54,55.45,40,90.91,,,,,,,,
106654.48,84,93.69,54.54,55.44,40,90.91,,,,,,,,
110505.9,84,93.1,54.54,55.45,40,90.91,,,,,,,,
115711.1,84,95.15,54.54,55.3,40,90.91,,,,,,,,
119602.564,83,91.66,54.54,55.38,40,90.91,,,,,,,,
119856.8,84,93.76,54.54,55.42,40,90.91,,,,,,,,
119857.297,84,93.68,54.54,55.41,40,90.91,,,,,,,,
120959.23,83,92.35,54.54,55.46,40,90.91,,,,,,,,
123899.23,83,92,54.54,55.46,40,90.91,,,,,,,,
126385.6,84,93.05,54.54,55.45,40,90.91,,,,,,,,
131111.13,84,93.78,54.54,55.37,40,90.91,,,,,,,,
135487.8,83,90.46,54.54,55.46,40,90.91,,,,,,,,
128677.3,84,94.97,54.54,55.3,40,90.91,,,,,,,,
143387.63,84,94.54,54.54,55.36,40,90.91,,,,,,,,
148942.549,84,93.14,54.54,55.36,40,90.91,,,,,,,,
149539.896,83,91.14,54.54,55.46,40,90.91,,,,,,,,
150053.3,83,92.53,54.54,55.45,40,90.91,,,,,,,,
152500.5,83,92.13,54.54,55.46,40,90.91,,,,,,,,
155322.253,83,92.59,54.54,55.45,40,90.91,,,,,,,,
155615.5,84,95.21,54.54,55.35,40,90.91,,,,,,,,
155864.21,83,91.92,54.54,55.46,40,90.91,,,,,,,,
158836.977,83,92.5,54.54,55.46,40,90.91,,,,,,,,
158879.11,84,93.33,54.54,55.41,40,90.91,,,,,,,,
160490.1,84,93.63,54.54,55.37,40,90.91,,,,,,,,
160491.19,84,93.61,54.54,55.37,40,90.91,,,,,,,,
168807.7,83,91.91,54.54,55.45,40,90.91,,,,,,,,
170187.11,83,92.6,54.54,55.37,40,90.91,,,,,,,,
176279.91,84,93.7,54.54,55.41,40,90.91,,,,,,,,
177416.18,84,93.38,54.54,55.41,40,90.91,,,,,,,,
180434.86,83,91.68,54.54,55.44,40,90.91,,,,,,,,
182082.4,84,95.01,54.54,55.33,40,90.91,,,,,,,,
183192.3,83,91.78,54.54,55.46,40,90.91,,,,,,,,
185332.6,83,91.39,54.54,55.44,40,90.91,,,,,,,,
189518.3,84,94.15,54.54,55.43,40,90.91,,,,,,,,
192222.6,84,94.96,54.54,55.37,40,90.91,,,,,,,,
193567.3,84,93.02,54.54,55.37,40,90.91,,,,,,,,
196620.5,84,93.43,54.54,55.42,40,90.91,,,,,,,,
198214.7,83,92.11,54.54,55.45,40,90.91,,,,,,,,
199310.4,83,92.03,54.54,55.46,40,90.91,,,,,,,,
2032275.8,84,94.36,54.54,55.39,40,90.91,,,,,,,,
205920.11,85,97.17,54.54,55.27,40,90.91,,,,,,,,
208224.79,83,92.29,54.54,55.46,40,90.91,,,,,,,,
208962.68,83,92.32,54.54,55.45,40,90.91,,,,,,,,
208963.12,83,92.07,54.54,55.47,40,90.91,,,,,,,,
210007.7,84,93.38,54.54,55.38,40,90.91,,,,,,,,
211110.3,84,94.15,54.54,55.38,40,90.91,,,,,,,,
211880.31,84,93.68,54.54,55.43,40,90.91,,,,,,,,
212042.8,85,95.34,54.54,55.29,40,90.91,,,,,,,,
214092.21,83,91.41,54.54,55.44,40,90.91,,,,,,,,
216592.36,83,91.88,54.54,55.46,40,90.91,,,,,,,,
216594.6,84,92.98,54.54,55.46,40,90.91,,,,,,,,
218496.4,84,95.33,54.54,55.3,40,90.91,,,,,,,,
220341.7,83,91.24,54.54,55.45,40,90.91,,,,,,,,
222805.8,83,91.42,54.54,55.45,40,90.91,,,,,,,,
224914.11,83,92.24,54.54,55.45,40,90.91,,,,,,,,
226185.9,84,93.91,54.54,55.41,40,90.91,,,,,,,,
242231.1,84,94.33,54.54,55.4,40,90.91,,,,,,,,
242619.8,85,95.65,54.54,55.36,40,90.91,,,,,,,,
143160.12,83,92.71,54.54,55.47,40,90.91,,,,,,,,
243243.7,83,91.75,54.54,55.45,40,90.91,,,,,,,,
243273.25,84,95.26,54.54,55.17,40,90.91,,,,,,,,
243276.9,85,96.11,54.54,55.24,40,90.91,,,,,,,,
244319.35,83,92.07,54.54,55.46,40,90.91,,,,,,,,
244366.656,83,90.33,54.54,55.48,40,90.91,,,,,,,,
247156.8,83,92.05,54.54,55.46,40,90.91,,,,,,,,
257309.4,85,95.66,54.54,55.4,40,90.91,,,,,,,,
257311.4,84,93.1,54.54,55.46,40,90.91,,,,,,,,
257313.5,84,92.95,54.54,55.45,40,90.91,,,,,,,,
262727.7,84,93.57,54.54,55.39,40,90.91,,,,,,,,
262728.6,84,93.54,54.54,55.39,40,90.91,,,,,,,,
265669.9,84,93.87,54.54,55.42,40,90.91,,,,,,,,
267671.5,84,94.28,54.54,55.43,40,90.91,,,,,,,,
267747.3,83,90.96,54.54,55.41,40,90.91,,,,,,,,
269801.1,83,92.57,54.54,55.45,40,90.91,,,,,,,,
272560.6,83,91.6,54.54,55.47,40,90.91,,,,,,,,
272563.12,84,93.31,54.54,55.42,40,90.91,,,,,,,,
272620.9,83,91.26,54.54,55.47,40,90.91,,,,,,,,
272634.6,85,96.94,54.54,55.21,40,90.91,,,,,,,,
272831.7,84,94.03,54.54,55.4,40,90.91,,,,,,,,
272944.4,85,97.95,54.54,55.3,40,90.91,,,,,,,,
272947.5,85,97,54.54,55.28,40,90.91,,,,,,,,
273121.8,84,95.01,54.54,55.37,40,90.91,,,,,,,,
273123.1,83,91.25,54.54,55.44,40,90.91,,,,,,,,
279808.8,84,93.2,54.54,55.42,40,90.91,,,,,,,,
281310.6,84,95.01,54.54,55.39,40,90.91,,,,,,,,
283165.4,85,95.81,54.54,55.35,40,90.91,,,,,,,,
283166.5,84,95.36,54.54,55.36,40,90.91,,,,,,,,
283734.2283,84,93.26,54.54,55.41,40,90.91,,,,,,,,
286636.3,85,95.4,54.54,55.37,40,90.91,,,,,,,,
286783.345,83,91.79,54.54,55.46,40,90.91,,,,,,,,
290338.8,83,92.13,54.54,55.46,40,90.91,,,,,,,,
290847.5,85,97.12,54.54,55.34,40,90.91,,,,,,,,
295405.11,84,93.3,54.54,55.41,40,90.91,,,,,,,,
299766.91,84,93.02,54.54,55.46,40,90.91,,,,,,,,
299767.237,83,92.49,54.54,55.46,40,90.91,,,,,,,,
301102.37,83,91.28,54.54,55.45,40,90.91,,,,,,,,
306537.1,84,93.96,54.54,55.4,40,90.91,,,,,,,,
312175.13,84,93.49,54.54,55.43,40,90.91,,,,,,,,
314723.4,85,96.24,54.54,55.2,40,90.91,,,,,,,,
316435.63,83,91.49,54.54,55.46,40,90.91,,,,,,,,
219705.15,82,89.96,54.54,55.45,40,90.91,,,,,,,,
321314.9,83,91.56,54.54,55.46,40,90.91,,,,,,,,
331112.6,83,92.08,54.54,55.46,40,90.91,,,,,,,,
331271.8,83,91.83,54.54,55.48,40,90.91,,,,,,,,
333849.47,83,91.33,54.54,55.4,40,90.91,,,,,,,,
334413.6,84,94.75,54.54,55.34,40,90.91,,,,,,,,
336982.7,84,93.6,54.54,55.45,40,90.91,,,,,,,,
342451.11,84,93.51,54.54,55.42,40,90.91,,,,,,,,
342617.7,84,95.07,54.54,55.38,40,90.91,,,,,,,,
344609.11,83,91.51,54.54,55.45,40,90.91,,,,,,,,
345072.25,83,91.61,54.54,55.44,40,90.91,,,,,,,,
349747.9,83,91.4,54.54,55.44,40,90.91,,,,,,,,
355276.3,84,94.17,54.54,55.43,40,90.91,,,,,,,,
357244.4,85,97.88,54.54,55.24,40,90.91,,,,,,,,
357544.13,85,96.08,54.54,55.34,40,90.91,,,,,,,,
359786.13,84,93.04,54.54,55.41,40,90.91,,,,,,,,
359787.11,84,93.19,54.54,55.41,40,90.91,,,,,,,,
360102.15,83,91.62,54.54,55.44,40,90.91,,,,,,,,
360106.6,84,94.55,54.54,55.37,40,90.91,,,,,,,,
360115.5,84,93.7,54.54,55.4,40,90.91,,,,,,,,
360118.8,83,91.78,54.54,55.47,40,90.91,,,,,,,,
362663.9,83,92.02,54.54,55.45,40,90.91,,,,,,,,
364106.8,83,92.04,54.54,55.46,40,90.91,,,,,,,,
367737.6,85,97.09,54.54,55.4,40,90.91,,,,,,,,
373045.6,83,91.85,54.54,55.45,40,90.91,,,,,,,,
374923.7,83,91.89,54.54,55.45,40,90.91,,,,,,,,
374930.9,84,93.82,54.54,55.39,40,90.91,,,,,,,,
374931.1,84,93.64,54.54,55.39,40,90.91,,,,,,,,
376725.3,83,92.36,54.54,55.46,40,90.91,,,,,,,,
381754.6,83,92.72,54.54,55.47,40,90.91,,,,,,,,
392021.5,85,96.91,54.54,55.29,40,90.91,,,,,,,,
398577.6,83,91.55,54.54,55.47,40,90.91,,,,,,,,
400667.121,84,94.04,54.54,55.44,40,90.91,,,,,,,,
400673.7,84,93.24,54.54,55.44,40,90.91,,,,,,,,
405416.6,84,93.43,54.54,55.44,40,90.91,,,,,,,,
405532.5,83,90.35,54.54,55.45,40,90.91,,,,,,,,
405535.8,83,92.61,54.54,55.45,40,90.91,,,,,,,,
407148.6,85,95.53,54.54,55.37,40,90.91,,,,,,,,
409438.11,83,92.27,54.54,55.46,40,90.91,,,,,,,,
412418.11,85,96.71,54.54,55.23,40,90.91,,,,,,,,
412419.2,85,97.18,54.54,55.23,40,90.91,,,,,,,,
418136.12,84,94.08,54.54,55.41,40,90.91,,,,,,,,
419947.8,84,93.42,54.54,55.45,40,90.91,,,,,,,,
423212.4,84,93.38,54.54,55.44,40,90.91,,,,,,,,
424717.5,83,92.15,54.54,55.45,40,90.91,,,,,,,,
424720.8,83,92.13,54.54,55.45,40,90.91,,,,,,,,
426430.24,84,93.7,54.54,55.41,40,90.91,,,,,,,,
431946.3,83,91.18,54.54,55.46,40,90.91,,,,,,,,
431947.7,85,95.83,54.54,55.37,40,90.91,,,,,,,,
434924.5,84,93.99,54.54,55.4,40,90.91,,,,,,,,
439334.628,83,91.64,54.54,55.45,40,90.91,,,,,,,,
440524.124,83,90.53,54.54,55.46,40,90.91,,,,,,,,
441162.11,83,91.27,54.54,55.47,40,90.91,,,,,,,,
443150.4,84,93.71,54.54,55.45,40,90.91,,,,,,,,
455434.6,85,96.35,54.54,55.24,40,90.91,,,,,,,,
469616.3,84,94.48,54.54,55.39,40,90.91,,,,,,,,
469618.1,84,93.84,54.54,55.4,40,90.91,,,,,,,,
471876.6,84,93.57,54.54,55.37,40,90.91,,,,,,,,
478434.4,84,93.6,54.54,55.45,40,90.91,,,,,,,,
479437.5,84,94.51,54.54,55.39,40,90.91,,,,,,,,
480119.5,84,93.35,54.54,55.44,40,90.91,,,,,,,,
482957.39,83,92.06,54.54,55.48,40,90.91,,,,,,,,
486698.6,84,93.11,54.54,55.46,40,90.91,,,,,,,,
487215.4,84,93.33,54.54,55.37,40,90.91,,,,,,,,
487521.1,83,91.31,54.54,55.46,40,90.91,,,,,,,,
488446.5,83,91.96,54.54,55.47,40,90.91,,,,,,,,
488447.265,83,91.75,54.54,55.48,40,90.91,,,,,,,,
492670.328,84,92.9,54.54,55.45,40,90.91,,,,,,,,
498388.3,83,91.42,54.54,55.46,40,90.91,,,,,,,,
511145.616,83,91.73,54.54,55.46,40,90.91,,,,,,,,
515619.6,84,93.37,54.54,55.39,40,90.91,,,,,,,,
515621.3,83,92.23,54.54,55.41,40,90.91,,,,,,,,
519441.6,85,95.72,54.54,55.32,40,90.91,,,,,,,,
521006.8,84,93.98,54.54,55.39,40,90.91,,,,,,,,
521097.5,84,94.52,54.54,55.37,40,90.91,,,,,,,,
523796.83,83,91.62,54.54,55.42,40,90.91,,,,,,,,
525283.9,85,55.37,54.54,55.37,40,90.91,,,,,,,,
525284.18,85,96.73,54.54,55.32,40,90.91,,,,,,,,
525381.4,84,93.85,54.54,55.39,40,90.91,,,,,,,,
529507.6,83,91.24,54.54,55.44,40,90.91,,,,,,,,
536232.3,84,94.33,54.54,55.41,40,90.91,,,,,,,,
546272.3,83,92.19,54.54,55.45,40,90.91,,,,,,,,
547048.4,83,91.77,54.54,55.44,40,90.91,,,,,,,,
553174.6,84,94.71,54.54,55.37,40,90.91,,,,,,,,
553190.4,85,97.09,54.54,55.29,40,90.91,,,,,,,,
553199.9,83,92.56,54.54,55.41,40,90.91,,,,,,,,
557600.4,84,93.65,54.54,55.44,40,90.91,,,,,,,,
561275.19,84,93.31,54.54,55.45,40,90.91,,,,,,,,
562971.11,83,92.74,54.54,55.47,40,90.91,,,,,,,,
568813.3,84,94.32,54.54,55.38,40,90.91,,,,,,,,
568814.3,83,90.58,54.54,55.39,40,90.91,,,,,,,,
569579.3,83,91.79,54.54,55.46,40,90.91,,,,,,,,
570508.6,85,95.46,54.54,55.34,40,90.91,,,,,,,,
572264.18,84,93.31,54.54,55.45,40,90.91,,,,,,,,
574093.3,84,92.89,54.54,55.38,40,90.91,,,,,,,,
574521.7,83,91.82,54.54,55.46,40,90.91,,,,,,,,
575584.58,84,93.85,54.54,55.44,40,90.91,,,,,,,,
577675.3,83,92.1,54.54,55.45,40,90.91,,,,,,,,
585054.5,83,92.28,54.54,55.46,40,90.91,,,,,,,,
585055.56,83,91.91,54.54,55.46,40,90.91,,,,,,,,
585538.3,85,96.08,54.54,55.34,40,90.91,,,,,,,,
591946.4,83,92.01,54.54,55.45,40,90.91,,,,,,,,
592021.13,84,92.86,54.54,55.45,40,90.91,,,,,,,,
645462.3,83,91.83,54.54,55.42,40,90.91,,,,,,,,
645463.57,83,92.58,54.54,55.42,40,90.91,,,,,,,,
645464.3,84,94.81,54.54,55.36,40,90.91,,,,,,,,
657310.3,84,93.93,54.54,55.41,40,90.91,,,,,,,,
657316.3,84,93.19,54.54,55.41,40,90.91,,,,,,,,
657317.3,84,93.67,54.54,55.39,40,90.91,,,,,,,,
657318.4,84,95.06,54.54,55.38,40,90.91,,,,,,,,
664662.5,85,96.54,54.54,55.22,40,90.91,,,,,,,,
698737.3,85,97.67,54.54,55.41,40,90.91,,,,,,,,
699034.5,83,91.56,54.54,55.42,40,90.91,,,,,,,,
699035.5,83,91.53,54.54,55.42,40,90.91,,,,,,,,
699036.5,84,93.24,54.54,55.42,40,90.91,,,,,,,,
699037.5,83,91.73,54.54,55.42,40,90.91,,,,,,,,
699186.6,84,93.98,54.54,55.41,40,90.91,,,,,,,,
699240.12,84,93.05,54.54,55.31,40,90.91,,,,,,,,
701042.4,83,91.47,54.54,55.45,40,90.91,,,,,,,,
701177.3,83,91.79,54.54,55.45,40,90.91,,,,,,,,
702439.159,85,95.96,54.54,55.36,40,90.91,,,,,,,,
710686.3,83,92.63,54.54,55.47,40,90.91,,,,,,,,
717960.3,84,94.93,54.54,55.35,40,90.91,,,,,,,,
718254.4,83,90.98,54.54,55.45,40,90.91,,,,,,,,
722438.5,85,96.38,54.54,55.21,40,90.91,,,,,,,,
722731.5,84,93.03,54.54,55.45,40,90.91,,,,,,,,
741093.3,83,91.6,54.54,55.46,40,90.91,,,,,,,,
748672.3,83,91.31,54.54,55.44,40,90.91,,,,,,,,
749219.3,84,94.26,54.54,55.4,40,90.91,,,,,,,,
754093.4,83,91.22,54.54,55.45,40,90.91,,,,,,,,
762948.4,84,93.88,54.54,55.4,40,90.91,,,,,,,,
765963.4,85,95.74,54.54,55.34,40,90.91,,,,,,,,
767031.3,84,94.81,54.54,55.37,40,90.91,,,,,,,,
768494.3,83,92.55,54.54,55.45,40,90.91,,,,,,,,
794851.3,85,95.97,54.54,55.34,40,90.91,,,,,,,,
857099.9,84,93.42,54.54,55.39,40,90.91,,,,,,,,
1003201.3,85,96.9,54.54,55.27,40,90.91,,,,,,,,
1006543.3,84,93.71,54.54,55.41,40,90.91,,,,,,,,
1009464.3,85,96.36,54.54,55.31,40,90.91,,,,,,,,
1010840.4,84,93.83,54.54,55.37,40,90.91,,,,,,,,
1031746.3,85,95.57,54.54,55.36,40,90.91,,,,,,,,
1032071.3,84,94.67,54.54,55.39,40,90.91,,,,,,,,
1038927.45,83,92.02,54.54,55.46,40,90.91,,,,,,,,
1041522.28,83,91.79,54.54,55.45,40,90.91,,,,,,,,
1045010.21,83,92.26,54.54,55.45,40,90.91,,,,,,,,
1048254.4,83,92,54.54,55.46,40,90.91,,,,,,,,
1048264.3,84,93.61,54.54,55.37,40,90.91,,,,,,,,
1055527.3,85,96.46,54.54,55.34,40,90.91,,,,,,,,
1055531.3,85,95.76,54.54,55.34,40,90.91,,,,,,,,
1055532.3,84,95.06,54.54,55.34,40,90.91,,,,,,,,
1078021.3,83,91.84,54.54,55.46,40,90.91,,,,,,,,
1078031.3,83,92.35,54.54,55.46,40,90.91,,,,,,,,
1086030.18,83,91.99,54.54,55.45,40,90.91,,,,,,,,
1089456.3,83,92.14,54.54,55.47,40,90.91,,,,,,,,
1091045.3,84,93.32,54.54,55.41,40,90.91,,,,,,,,
1092046.5,82,90.06,54.54,55.46,40,90.91,,,,,,,,
1093787.3,83,92.15,54.54,55.47,40,90.91,,,,,,,,
1093790.3,83,91.52,54.54,55.44,40,90.91,,,,,,,,
1095685.4,84,94.29,54.54,55.4,40,90.91,,,,,,,,
1096995.4,84,93.68,54.54,55.44,40,90.91,,,,,,,,
1096996.4,84,93.75,54.54,55.44,40,90.91,,,,,,,,
1096997.4,84,93.41,54.54,55.44,40,90.91,,,,,,,,
1112856.4,85,96.76,54.54,55.21,40,90.91,,,,,,,,
1122984.13,85,95.52,54.54,55.35,40,90.91,,,,,,,,
1123523.3,84,93.42,54.54,55.42,40,90.91,,,,,,,,
1123862.3,83,91.37,54.54,55.47,40,90.91,,,,,,,,
1124626.4,83,92.59,54.54,55.46,40,90.91,,,,,,,,
1126011.4,84,93.8,54.54,55.41,40,90.91,,,,,,,,
1127122.3,85,96.32,54.54,55.35,40,90.91,,,,,,,,
1132508.3,82,89.94,54.54,55.46,40,90.91,,,,,,,,
1134454.3,83,92.17,54.54,55.41,40,90.91,,,,,,,,
1134687.562,83,91.21,54.54,55.47,40,90.91,,,,,,,,
1138383.28,83,91.39,54.54,55.46,40,90.91,,,,,,,,
1150773.3,84,94.19,54.54,55.37,40,90.91,,,,,,,,
155096.3,85,97.26,54.54,55.21,40,90.91,,,,,,,,
1155766.14,83,91.01,54.54,55.4,40,90.91,,,,,,,,
1163739.3,85,96.3,54.54,55.34,40,90.91,,,,,,,,
1163740.3,85,95.96,54.54,55.34,40,90.91,,,,,,,,
1163741.3,85,95.51,54.54,55.34,40,90.91,,,,,,,,
1163742.2,85,96.01,54.54,55.34,40,90.91,,,,,,,,
1163743.3,85,96.11,54.54,55.34,40,90.91,,,,,,,,
1170318.3,83,92.13,54.54,55.41,40,90.91,,,,,,,,
1173427.6,83,90.83,54.54,55.46,40,90.91,,,,,,,,
1185650.4,84,93.73,54.54,55.46,40,90.91,,,,,,,,
1191061.3,83,91.1,54.54,55.47,40,90.91,,,,,,,,
1196159.3,84,93.99,54.54,55.41,40,90.91,,,,,,,,
1196160.3,84,93.87,54.54,55.41,40,90.91,,,,,,,,
1196162.3,84,93.9,54.54,55.41,40,90.91,,,,,,,,
1196163.3,84,93.8,54.54,55.42,40,90.91,,,,,,,,
1196166.3,84,94.04,54.54,55.41,40,90.91,,,,,,,,
1196167.3,84,94.07,54.54,55.41,40,90.91,,,,,,,,
1196169.3,84,94.14,54.54,55.41,40,90.91,,,,,,,,
1196171.3,84,93.92,54.54,55.42,40,90.91,,,,,,,,
1196172.3,84,94.14,54.54,55.41,40,90.91,,,,,,,,
1196174.3,84,94.02,54.54,55.42,40,90.91,,,,,,,,
1196176.3,84,93.99,54.54,55.41,40,90.91,,,,,,,,
1196177.3,84,94.1,54.54,55.41,40,90.91,,,,,,,,
1196178.3,84,93.91,54.54,55.41,40,90.91,,,,,,,,
1196179.3,84,94.14,54.54,55.41,40,90.91,,,,,,,,
1196180.3,84,93.99,54.54,55.42,40,90.91,,,,,,,,
1196181.4,84,94.1,54.54,55.41,40,90.91,,,,,,,,
1196184.3,84,94.04,54.54,55.41,40,90.91,,,,,,,,
1196186.3,84,94.16,54.54,55.41,40,90.91,,,,,,,,
1196189.3,84,94.1,54.54,55.41,40,90.91,,,,,,,,
1196190.3,84,94,54.54,55.41,40,90.91,,,,,,,,
1196191.3,84,93.77,54.54,55.42,40,90.91,,,,,,,,
1198627.3,84,93.37,54.54,55.46,40,90.91,,,,,,,,
1199187.3,84,93.86,54.54,55.45,40,90.91,,,,,,,,
1199191.3,84,93.64,54.54,55.43,40,90.91,,,,,,,,
1200752.3,83,91.84,54.54,55.46,40,90.91,,,,,,,,
1203599.7,83,91.58,54.54,55.45,40,90.91,,,,,,,,
1205674.3,84,93.42,54.54,55.45,40,90.91,,,,,,,,
1205675.3,84,93.68,54.54,55.44,40,90.91,,,,,,,,
1205676.3,84,93.71,54.54,55.44,40,90.91,,,,,,,,
1205677.3,84,93.24,54.54,55.45,40,90.91,,,,,,,,
1206745.3,85,95.6,54.54,55.36,40,90.91,,,,,,,,
1207470.4,84,93.25,54.54,55.37,40,90.91,,,,,,,,
1214063.4,84,93.08,54.54,55.46,40,90.91,,,,,,,,
1215088.3,84,93.2,54.54,55.47,40,90.91,,,,,,,,
1224154.5,83,91.7,54.54,55.44,40,90.91,,,,,,,,
1224745.3,84,92.96,54.54,55.42,40,90.91,,,,,,,,
1225181.3,83,90.75,54.54,55.47,40,90.91,,,,,,,,
1225197.5,83,91.65,54.54,55.39,40,90.91,,,,,,,,
1229492.3,84,93.66,54.54,55.41,40,90.91,,,,,,,,
1232659.5,84,93.67,54.54,55.39,40,90.91,,,,,,,,
1234380.3,83,91.95,54.54,55.41,40,90.91,,,,,,,,
1235829.3,84,93.21,54.54,55.37,40,90.91,,,,,,,,
1236608.7,84,93.91,54.54,55.4,40,90.91,,,,,,,,
1238993.3,85,97.04,54.54,55.21,40,90.91,,,,,,,,
1241582.3,83,92.2,54.54,55.47,40,90.91,,,,,,,,
1241583.3,83,91.94,54.54,55.47,40,90.91,,,,,,,,
1241616.6,84,93.25,54.54,55.42,40,90.91,,,,,,,,
1243619.3,83,91.59,54.54,55.46,40,90.91,,,,,,,,
1243621.3,83,91.57,54.54,55.46,40,90.91,,,,,,,,
1244085.3,83,91.38,54.54,55.47,40,90.91,,,,,,,,
1244111.3,83,91.77,54.54,55.46,40,90.91,,,,,,,,
1244112.3,83,91.34,54.54,55.46,40,90.91,,,,,,,,
1244113.3,83,92.28,54.54,55.46,40,90.91,,,,,,,,
1244118.3,83,91.42,54.54,55.45,40,90.91,,,,,,,,
1244119.3,83,90.68,54.54,55.45,40,90.91,,,,,,,,
1244120.3,83,91.81,54.54,55.46,40,90.91,,,,,,,,
1244529.3,84,94.53,54.54,55.37,40,90.91,,,,,,,,
1247414.3,84,94.42,54.54,55.4,40,90.91,,,,,,,,
1248902.3,83,92.07,54.54,55.46,40,90.91,,,,,,,,
1248915.3,83,92.27,54.54,55.46,40,90.91,,,,,,,,
1249468.3,83,91.85,54.54,55.48,40,90.91,,,,,,,,
1249469.3,83,91.96,54.54,55.47,40,90.91,,,,,,,,
1249470.6,83,91.77,54.54,55.47,40,90.91,,,,,,,,
1249475.3,83,91.73,54.54,55.48,40,90.91,,,,,,,,
1249615.4,84,93.26,54.54,55.43,40,90.91,,,,,,,,
1249650.3,85,96.07,54.54,55.29,40,90.91,,,,,,,,
1249651.3,85,96.16,54.54,55.29,40,90.91,,,,,,,,
1249652.3,85,96.39,54.54,55.29,40,90.91,,,,,,,,
1249653.3,85,96.65,54.54,55.29,40,90.91,,,,,,,,
1249654.3,85,96.09,54.54,55.29,40,90.91,,,,,,,,
1249655.3,85,96.33,54.54,55.29,40,90.91,,,,,,,,
1249656.3,85,95.91,54.54,55.3,40,90.91,,,,,,,,
1249658.4,83,91.97,54.54,55.47,40,90.91,,,,,,,,
1249659.3,83,91.92,54.54,55.47,40,90.91,,,,,,,,
1249663.3,83,92.61,54.54,55.47,40,90.91,,,,,,,,
1260222.3,85,95.83,54.54,55.29,40,90.91,,,,,,,,
1260223.3,85,95.66,54.54,55.29,40,90.91,,,,,,,,
1262462.5,83,92.73,54.54,55.45,40,90.91,,,,,,,,
1262464.3,84,92.82,54.54,55.45,40,90.91,,,,,,,,
1262466.3,84,92.86,54.54,55.45,40,90.91,,,,,,,,
1262467.6,83,92.29,54.54,55.45,40,90.91,,,,,,,,
1262525.3,84,93.75,54.54,55.45,40,90.91,,,,,,,,
1262526.3,84,93.81,54.54,55.44,40,90.91,,,,,,,,
1262529.3,83,91.93,54.54,55.45,40,90.91,,,,,,,,
1263756.3,85,97.23,54.54,55.21,40,90.91,,,,,,,,
1262757.3,85,96.24,54.54,55.21,40,90.91,,,,,,,,
1263758.3,85,96.72,54.54,55.21,40,90.91,,,,,,,,
1263760.3,85,96.73,54.54,55.21,40,90.91,,,,,,,,
1263761.3,85,96.19,54.54,55.21,40,90.91,,,,,,,,
1263762.3,85,96.64,54.54,55.21,40,90.91,,,,,,,,
1263763.3,85,96.9,54.54,55.21,40,90.91,,,,,,,,
1263835.4,85,96.34,54.54,55.21,40,90.91,,,,,,,,
1263871.1,83,91.74,54.54,55.47,40,90.91,,,,,,,,
1266446.3,84,93.71,54.54,55.45,40,90.91,,,,,,,,
1267000.5,85,97.3,54.54,55.14,40,90.91,,,,,,,,
1267754.3,84,95.22,54.54,55.4,40,90.91,,,,,,,,
1280938.3,83,92.22,54.54,55.47,40,90.91,,,,,,,,
1280940.3,85,96.77,54.54,55.21,40,90.91,,,,,,,,
1284663.3,84,93.43,54.54,55.4,40,90.91,,,,,,,,
1287066.3,84,93.75,54.54,55.4,40,90.91,,,,,,,,
1290427.3,85,96.97,54.54,55.28,40,90.91,,,,,,,,
1290428.3,86,98.11,54.54,55.28,40,90.91,,,,,,,,
1295140.4,67,50.59,54.54,55.4,40,90.91,,,,,,,,
1295765.3,84,93.77,54.54,55.45,40,90.91,,,,,,,,
1296536.96,83,92.46,54.54,55.46,40,90.91,,,,,,,,
1299325.4,84,93.25,54.54,55.46,40,90.91,,,,,,,,
1299326.5,84,92.89,54.54,55.46,40,90.91,,,,,,,,
1299328.5,84,92.94,54.54,55.46,40,90.91,,,,,,,,
1299329.4,83,91.69,54.54,55.46,40,90.91,,,,,,,,
1299330.4,83,91.68,54.54,55.46,40,90.91,,,,,,,,
1299331.5,83,91.35,54.54,55.45,40,90.91,,,,,,,,
1303024.3,83,92.74,54.54,55.46,40,90.91,,,,,,,,
1305738.8,84,93.22,54.54,55.45,40,90.91,,,,,,,,
1305849.3,84,92.82,54.54,55.41,40,90.91,,,,,,,,
1306417.5,83,92.07,54.54,55.47,40,90.91,,,,,,,,
1306419.4,83,91.61,54.54,55.48,40,90.91,,,,,,,,
1306420.5,83,91.82,54.54,55.47,40,90.91,,,,,,,,
1306421.4,83,91.81,54.54,55.48,40,90.91,,,,,,,,
1307427.5,84,95.34,54.54,55.35,40,90.91,,,,,,,,
1307428.4,85,95.82,54.54,55.36,40,90.91,,,,,,,,
1307442.5,84,94.53,54.54,55.38,40,90.91,,,,,,,,
1307443.5,85,95.59,54.54,55.37,40,90.91,,,,,,,,
1307444.5,85,95.63,54.54,55.37,40,90.91,,,,,,,,
1308539.8,83,91.73,54.54,55.47,40,90.91,,,,,,,,
1311573.5,85,95.96,54.54,55.34,40,90.91,,,,,,,,
1316254.3,85,95.44,54.54,55.39,40,90.91,,,,,,,,
1316408.3,84,94.19,54.54,55.38,40,90.91,,,,,,,,
1316409.3,84,94.31,54.54,55.38,40,90.91,,,,,,,,
1316410.3,83,92.16,54.54,55.39,40,90.91,,,,,,,,
1316411.3,83,92.33,54.54,55.37,40,90.91,,,,,,,,
1316412.3,83,92.28,54.54,55.39,40,90.91,,,,,,,,
1316413.3,84,94.79,54.54,55.38,40,90.91,,,,,,,,
1316414.3,83,90.88,54.54,55.41,40,90.91,,,,,,,,
1321369.3,83,91.41,54.54,55.41,40,90.91,,,,,,,,
1321939.6,85,96.96,54.54,55.34,40,90.91,,,,,,,,
1321940.5,85,96.02,54.54,55.35,40,90.91,,,,,,,,
1328325.3,83,91.34,54.54,55.47,40,90.91,,,,,,,,
1333849.3,83,92.33,54.54,55.46,40,90.91,,,,,,,,
1333850.3,83,91.08,54.54,55.46,40,90.91,,,,,,,,
1333851.3,82,89.73,54.54,55.46,40,90.91,,,,,,,,
1333852.3,83,91.21,54.54,55.47,40,90.91,,,,,,,,
1335307.3,83,91.97,54.54,55.47,40,90.91,,,,,,,,
1338032.3,83,91.18,54.54,55.46,40,90.91,,,,,,,,
1338034.3,83,91.32,54.54,55.46,40,90.91,,,,,,,,
1338035.3,84,95.09,54.54,55.37,40,90.91,,,,,,,,
1340842.3,84,94.83,54.54,55.37,40,90.91,,,,,,,,
1340851.3,83,92.07,54.54,55.47,40,90.91,,,,,,,,
1341656.4,84,93.44,54.54,55.41,40,90.91,,,,,,,,
1343064.4,83,91.64,54.54,55.42,40,90.91,,,,,,,,
1344043.3,84,93.62,54.54,55.44,40,90.91,,,,,,,,
1344044.3,84,93.86,54.54,55.44,40,90.91,,,,,,,,
1344045.3,84,93.69,54.54,55.44,40,90.91,,,,,,,,
1344046.3,84,93.93,54.54,55.45,40,90.91,,,,,,,,
1344047.3,84,93.64,54.54,55.44,40,90.91,,,,,,,,
1344048.3,84,93.78,54.54,55.45,40,90.91,,,,,,,,
1346765.3,84,93.57,54.54,55.45,40,90.91,,,,,,,,
1346766.3,84,93.5,54.54,55.44,40,90.91,,,,,,,,
1346767.3,84,93.81,54.54,55.45,40,90.91,,,,,,,,
1346768.3,84,93.48,54.54,55.44,40,90.91,,,,,,,,
1346770.3,84,93.65,54.54,55.44,40,90.91,,,,,,,,
1346771.3,84,93.37,54.54,55.45,40,90.91,,,,,,,,
1346772.3,84,93.54,54.54,55.45,40,90.91,,,,,,,,
1346773.3,84,93.26,54.54,55.45,40,90.91,,,,,,,,
1346774.3,84,93.45,54.54,55.45,40,90.91,,,,,,,,
1346775.3,84,93.77,54.54,55.44,40,90.91,,,,,,,,
1346776.3,84,93.52,54.54,55.44,40,90.91,,,,,,,,
1346777.3,84,93.33,54.54,55.44,40,90.91,,,,,,,,
1346778.3,84,93.54,54.54,55.44,40,90.91,,,,,,,,
1346779.3,84,93.83,54.54,55.44,40,90.91,,,,,,,,
1346780.3,84,93.42,54.54,55.44,40,90.91,,,,,,,,
1346781.3,84,93.72,54.54,55.44,40,90.91,,,,,,,,
1345782.3,84,93.76,54.54,55.4,40,90.91,,,,,,,,
1346783.3,84,93.78,54.54,55.45,40,90.91,,,,,,,,
1346784.3,84,93.86,54.54,55.44,40,90.91,,,,,,,,
1346785.3,84,93.54,54.54,55.44,40,90.91,,,,,,,,
1346786.3,84,93.29,54.54,55.44,40,90.91,,,,,,,,
1346787.3,84,93.76,54.54,55.44,40,90.91,,,,,,,,
1346788.3,84,92.93,54.54,55.44,40,90.91,,,,,,,,
1348662.3,84,93.65,54.54,55.4,40,90.91,,,,,,,,
1349827.3,84,95.05,54.54,55.37,40,90.91,,,,,,,,
1352355.3,84,92.05,54.54,55.47,40,90.91,,,,,,,,
1352356.3,85,96.32,54.54,55.35,40,90.91,,,,,,,,
1352570.3,84,93.69,54.54,55.45,40,90.91,,,,,,,,
1352571.3,84,93.46,54.54,55.44,40,90.91,,,,,,,,
1352572.3,84,93.65,54.54,55.44,40,90.91,,,,,,,,
1352573.3,84,92.91,54.54,55.45,40,90.91,,,,,,,,
1352574.3,84,93.36,54.54,55.44,40,90.91,,,,,,,,
1352575.3,84,93.64,54.54,55.44,40,90.91,,,,,,,,
1352576.3,84,93.71,54.54,55.44,40,90.91,,,,,,,,
1352577.3,83,92.57,54.54,55.44,40,90.91,,,,,,,,
1352578.3,84,93.54,54.54,55.45,40,90.91,,,,,,,,
1352579.3,84,93.87,54.54,55.44,40,90.91,,,,,,,,
1352580.3,84,93.69,54.54,55.44,40,90.91,,,,,,,,
1352581.3,84,93.25,54.54,55.44,40,90.91,,,,,,,,
1352582.3,84,93.34,54.54,55.45,40,90.91,,,,,,,,
1352583.3,84,93.45,54.54,55.45,40,90.91,,,,,,,,
1352584.3,84,93.5,54.54,55.44,40,90.91,,,,,,,,
1352585.3,84,93.68,54.54,55.45,40,90.91,,,,,,,,
1352586.3,84,93.73,54.54,55.44,40,90.91,,,,,,,,
1352587.3,84,93.65,54.54,55.44,40,90.91,,,,,,,,
1352588.3,84,93.66,54.54,55.45,40,90.91,,,,,,,,
1352589.3,84,93.67,54.54,55.45,40,90.91,,,,,,,,
1352590.3,84,93.36,54.54,55.45,40,90.91,,,,,,,,
1352591.3,84,93.26,54.54,55.44,40,90.91,,,,,,,,
1352592.3,84,93.84,54.54,55.45,40,90.91,,,,,,,,
1352593.3,84,93.63,54.54,55.45,40,90.91,,,,,,,,
1352594.3,84,93.7,54.54,55.44,40,90.91,,,,,,,,
1352595.3,84,93.55,54.54,55.45,40,90.91,,,,,,,,
1352596.3,84,93.49,54.54,55.44,40,90.91,,,,,,,,
1352597.3,84,93.67,54.54,55.45,40,90.91,,,,,,,,
1352598.3,84,93.11,54.54,55.45,40,90.91,,,,,,,,
1352599.3,84,93.52,54.54,55.44,40,90.91,,,,,,,,
1352600.3,84,93.49,54.54,55.45,40,90.91,,,,,,,,
1355100.3,83,92.07,54.54,55.46,40,90.91,,,,,,,,
1355101.3,83,91.94,54.54,55.45,40,90.91,,,,,,,,
1356855.3,83,92.05,54.54,55.47,40,90.91,,,,,,,,
1357994.3,84,96.96,54.54,55.37,40,90.91,,,,,,,,
1358410.3,84,95.12,54.54,55.37,40,90.91,,,,,,,,
1359155.3,85,96.93,54.54,55.29,40,90.91,,,,,,,,
1359159.3,85,96.75,54.54,55.29,40,90.91,,,,,,,,
1359162.3,85,96.33,54.54,55.29,40,90.91,,,,,,,,
1380767.3,84,94.9,54.54,55.37,40,90.91,,,,,,,,
1380768.3,84,95.09,54.54,55.37,40,90.91,,,,,,,,
1380908.3,83,91.8,54.54,55.47,40,90.91,,,,,,,,
1382920.3,85,96.33,54.54,55.34,40,90.91,,,,,,,,
1382921.3,85,95.97,54.54,55.34,40,90.91,,,,,,,,
1382922.3,85,95.65,54.54,55.34,40,90.91,,,,,,,,
1382923.2,85,95.61,54.54,55.34,40,90.91,,,,,,,,
1382924.3,85,96.05,54.54,55.34,40,90.91,,,,,,,,
1382925.3,85,96.13,54.54,55.34,40,90.91,,,,,,,,
1382926.3,85,96.4,54.54,55.34,40,90.91,,,,,,,,
1382927.3,85,96.1,54.54,55.34,40,90.91,,,,,,,,
1383068.3,84,94.9,54.54,55.37,40,90.91,,,,,,,,
1385930.3,83,92.34,54.54,55.47,40,90.91,,,,,,,,
1386087.3,84,94.13,54.54,55.4,40,90.91,,,,,,,,
1386968.3,84,93.56,54.54,55.41,40,90.91,,,,,,,,
1391726.3,85,95.97,54.54,55.34,40,90.91,,,,,,,,
1392476.3,84,93.4,54.54,55.41,40,90.91,,,,,,,,
1392499.4,83,91.69,54.54,55.47,40,90.91,,,,,,,,
1395589.3,84,94.25,54.54,55.34,40,90.91,,,,,,,,
1403335.5,85,95.84,54.54,55.36,40,90.91,,,,,,,,
1403336.3,85,96.17,54.54,55.35,40,90.91,,,,,,,,
1403338.3,85,96.45,54.54,55.36,40,90.91,,,,,,,,
1407059.3,83,92.03,54.54,55.47,40,90.91,,,,,,,,
1407462.3,85,95.93,54.54,55.34,40,90.91,,,,,,,,
1407463.3,85,96.86,54.54,55.34,40,90.91,,,,,,,,
1408268.58,84,94.46,54.54,55.4,40,90.91,,,,,,,,
1408283.5,83,92.98,54.54,55.41,40,90.91,,,,,,,,
1412451.3,84,93.26,54.54,55.46,40,90.91,,,,,,,,
1412452.3,83,92.01,54.54,55.46,40,90.91,,,,,,,,
1412592.3,83,91.84,54.54,55.45,40,90.91,,,,,,,,
1413215.3,84,93.1,54.54,55.44,40,90.91,,,,,,,,
1415775.6,83,91.06,54.54,55.41,40,90.91,,,,,,,,
1420012.3,83,91.2,54.54,55.47,40,90.91,,,,,,,,
1420013.3,83,91.52,54.54,55.47,40,90.91,,,,,,,,
1420885.6,83,91.56,54.54,55.44,40,90.91,,,,,,,,
1427342.3,83,91.97,54.54,55.47,40,90.91,,,,,,,,
1427374.3,84,93.97,54.54,55.38,40,90.91,,,,,,,,
1431450.3,85,96.39,54.54,55.35,40,90.91,,,,,,,,
1435046.4,83,91.83,54.54,55.45,40,90.91,,,,,,,,
1435985.3,67,49.14,54.54,55.47,40,90.91,,,,,,,,
1435994.3,83,91.87,54.54,55.47,40,90.91,,,,,,,,
1437000.3,83,92.11,54.54,55.47,40,90.91,,,,,,,,
1437007.3,84,93.38,54.54,55.37,40,90.91,,,,,,,,
1437008.3,84,93.51,54.54,55.38,40,90.91,,,,,,,,
1437873.4,83,92.05,54.54,55.47,40,90.91,,,,,,,,
1440052.3,83,92.59,54.54,55.45,40,90.91,,,,,,,,
1440772.3,84,93.69,54.54,55.37,40,90.91,,,,,,,,
1441379.3,85,96.29,54.54,55.21,40,90.91,,,,,,,,
1452727.3,84,93.12,54.54,55.45,40,90.91,,,,,,,,
1454640.3,83,90.94,54.54,55.46,40,90.91,,,,,,,,
1454641.3,83,90.94,54.54,55.46,40,90.91,,,,,,,,
1454642.3,83,91.09,54.54,55.46,40,90.91,,,,,,,,
1454643.3,83,90.97,54.54,55.46,40,90.91,,,,,,,,
1454644.3,83,91.17,54.54,55.45,40,90.91,,,,,,,,
1454645.3,83,90.84,54.54,55.46,40,90.91,,,,,,,,
1455315.5,84,93.76,54.54,55.44,40,90.91,,,,,,,,
1463164.204,83,92.58,54.54,55.47,40,90.91,,,,,,,,
1463165.82,83,91.35,54.54,55.47,40,90.91,,,,,,,,
1507806.5,84,94.94,54.54,55.36,40,90.91,,,,,,,,
1530123.79,84,93.86,54.54,55.45,40,90.91,,,,,,,,
1563222.9,83,91.3,54.54,55.46,40,90.91,,,,,,,,
1617964.3,83,91.98,54.54,55.46,40,90.91,,,,,,,,
1620419.123,83,90.87,54.54,55.46,40,90.91,,,,,,,,
1639133.23,83,91.38,54.54,55.46,40,90.91,,,,,,,,
1648923.37,84,93.07,54.54,55.44,40,90.91,,,,,,,,
1667327.52,83,91.56,54.54,55.47,40,90.91,,,,,,,,
1686392.3,83,91.2,54.54,55.46,40,90.91,,,,,,,,
1686396.3,83,91.19,54.54,55.46,40,90.91,,,,,,,,
1697043.4,83,92.62,54.54,55.46,40,90.91,,,,,,,,
1759399.3,84,95.31,54.54,55.37,40,90.91,,,,,,,,
1806053.29,84,95.29,54.54,55.39,40,90.91,,,,,,,,
1812934.3,83,90.86,54.54,55.46,40,90.91,,,,,,,,
1812935.7,83,92.06,54.54,55.47,40,90.91,,,,,,,,
1839789.3,83,92.45,54.54,55.45,40,90.91,,,,,,,,
1920110.3,83,92.02,54.54,55.46,40,90.91,,,,,,,,
1935181.3,83,92.05,54.54,55.45,40,90.91,,,,,,,,
1962118.4,83,92.64,54.54,55.46,40,90.91,,,,,,,,
1977852.3,83,92.42,54.54,55.45,40,90.91,,,,,,,,
2026186.18,83,92.41,54.54,55.45,40,90.91,,,,,,,,
2026187.8,84,92.96,54.54,55.45,40,90.91,,,,,,,,
2026240.33,83,91.7,54.54,55.47,40,90.91,,,,,,,,
2027919.315,83,91.09,54.54,55.46,40,90.91,,,,,,,,
2048778.3,83,92.2,54.54,55.46,40,90.91,,,,,,,,
2058152.49,83,90.67,54.54,55.47,40,90.91,,,,,,,,
2067421.3,83,91.57,54.54,55.46,40,90.91,,,,,,,,
2072463.9,83,91.82,54.54,55.46,40,90.91,,,,,,,,
2077147.3,83,91.28,54.54,55.47,40,90.91,,,,,,,,
2077148.3,83,91.94,54.54,55.46,40,90.91,,,,,,,,
2077149.3,83,91.43,54.54,55.46,40,90.91,,,,,,,,
2126982.6,83,91.88,54.54,55.45,40,90.91,,,,,,,,
2259134.3,85,96.4,54.54,55.39,40,90.91,,,,,,,,
2420308.3,84,94.23,54.54,55.38,40,90.91,,,,,,,,
2420309.3,83,91.27,54.54,55.38,40,90.91,,,,,,,,
2420310.3,84,94.25,54.54,55.38,40,90.91,,,,,,,,
2420313.3,83,92.04,54.54,55.41,40,90.91,,,,,,,,
2489010.6,83,91.11,54.54,55.47,40,90.91,,,,,,,,
2500132.3,82,90.14,54.54,55.46,40,90.91,,,,,,,,
2545800.3,83,91.83,54.54,55.47,40,90.91,,,,,,,,
2572075.3,84,94.96,54.54,55.37,40,90.91,,,,,,,,
2572089.3,85,97.41,54.54,55.2,40,90.91,,,,,,,,
2576376.3,84,93.53,54.54,55.37,40,90.91,,,,,,,,
2590157.5,83,90.54,54.54,55.48,40,90.91,,,,,,,,
2592065.4,83,91.75,54.54,55.46,40,90.91,,,,,,,,
2666100.4,84,93.41,54.54,55.41,40,90.91,,,,,,,,
2697517.3,83,91.98,54.54,55.46,40,90.91,,,,,,,,
2807624.3,84,93.71,54.54,55.41,40,90.91,,,,,,,,
2807625.3,84,93.4,54.54,55.42,40,90.91,,,,,,,,
2810404.4,83,92.25,54.54,55.46,40,90.91,,,,,,,,
2810405.4,83,92.15,54.54,55.46,40,90.91,,,,,,,,
2810406.4,83,92.3,54.54,55.46,40,90.91,,,,,,,,
2810407.4,83,92.01,54.54,55.46,40,90.91,,,,,,,,
2810408.4,83,91.68,54.54,55.46,40,90.91,,,,,,,,
2810409.4,83,91.74,54.54,55.46,40,90.91,,,,,,,,
2829835.3,83,91.45,54.54,55.47,40,90.91,,,,,,,,
2829836.3,83,91.55,54.54,55.47,40,90.91,,,,,,,,
2838237.5,85,96.65,54.54,55.44,40,90.91,,,,,,,,
2838238.5,84,94.13,54.54,55.43,40,90.91,,,,,,,,
2848143.3,83,92.06,54.54,55.46,40,90.91,,,,,,,,
2876028.6,83,91.81,54.54,55.46,40,90.91,,,,,,,,
87883.77,83,92.64,54.54,55.47,40,90.91,,,,,,,,
90062.4,84,93.57,54.54,55.43,40,90.91,,,,,,,,
90245.4,84,94.55,54.54,55.42,40,90.91,,,,,,,,
90370.93,83,91.2,54.54,55.45,40,90.91,,,,,,,,
90371.903,83,90.63,54.54,55.46,40,90.91,,,,,,,,
91891.57,84,92.92,54.54,55.44,40,90.91,,,,,,,,
91892.16,84,93.66,54.54,55.44,40,90.91,,,,,,,,
93061.132,84,93.3,54.54,55.41,40,90.91,,,,,,,,
95485.5,83,92.3,54.54,55.48,40,90.91,,,,,,,,
95486.86,83,91.62,54.54,55.48,40,90.91,,,,,,,,
867914.5,84,94.48,54.54,55.42,40,90.91,,,,,,,,
881260.9,83,90.46,54.54,55.46,40,90.91,,,,,,,,
884204.6,83,91.89,54.54,55.47,40,90.91,,,,,,,,
887712.6,85,95.78,54.54,55.29,40,90.91,,,,,,,,
888727.21,85,95.87,54.54,55.35,40,90.91,,,,,,,,
908937.9,84,93.91,54.54,55.38,40,90.91,,,,,,,,
909952.3,84,92.95,54.54,55.41,40,90.91,,,,,,,,
910265.3,83,91.91,54.54,55.47,40,90.91,,,,,,,,
930944.6,84,92.82,54.54,55.45,40,90.91,,,,,,,,
935296.3,83,91.66,54.54,55.47,40,90.91,,,,,,,,
936153.3,84,93.62,54.54,55.41,40,90.91,,,,,,,,
940296.3,84,94.15,54.54,55.4,40,90.91,,,,,,,,
941323.4,83,91.87,54.54,55.46,40,90.91,,,,,,,,
948564.7,83,91.59,54.54,55.45,40,90.91,,,,,,,,
985079.5,84,93.72,54.54,55.45,40,90.91,,,,,,,,
991915.7,83,92.02,54.54,55.46,40,90.91,,,,,,,,
991919.15,83,92.22,54.54,55.46,40,90.91,,,,,,,,
997873.77,84,94.3,54.54,55.41,40,90.91,,,,,,,,
997879.7,84,93.34,54.54,55.43,40,90.91,,,,,,,,
997890.6,84,93.35,54.54,55.42,40,90.91,,,,,,,,
999416.5,84,93.26,54.54,55.43,40,90.91,,,,,,,,